Image_ID,Neighborhood_ID
10930.jpg,2
11351.jpg,1
14254.jpg,0
15013.jpg,1
12373.jpg,1
15179.jpg,1
12813.jpg,1
10782.jpg,2
12055.jpg,0
13315.jpg,1
12655.jpg,2
15683.jpg,1
16059.jpg,0
15823.jpg,1
14335.jpg,0
12805.jpg,1
12782.jpg,2
16003.jpg,0
11512.jpg,1
13063.jpg,1
14528.jpg,1
12058.jpg,0
13250.jpg,2
13466.jpg,0
14268.jpg,0
16093.jpg,0
13064.jpg,1
14088.jpg,0
11739.jpg,2
12290.jpg,0
15811.jpg,0
11280.jpg,1
12627.jpg,2
11719.jpg,1
14531.jpg,1
13347.jpg,0
15750.jpg,1
12631.jpg,2
13919.jpg,0
12030.jpg,0
13140.jpg,1
14708.jpg,1
11640.jpg,1
14718.jpg,1
11977.jpg,1
12176.jpg,0
11289.jpg,1
14044.jpg,1
12526.jpg,0
13448.jpg,2
12197.jpg,1
15353.jpg,1
16040.jpg,0
14017.jpg,1
16023.jpg,1
15300.jpg,2
13414.jpg,1
11995.jpg,0
14809.jpg,1
15631.jpg,2
13238.jpg,1
12255.jpg,1
16061.jpg,1
11846.jpg,1
13491.jpg,1
15219.jpg,2
11387.jpg,2
13969.jpg,0
14717.jpg,1
12357.jpg,2
14200.jpg,0
14864.jpg,1
14899.jpg,1
15416.jpg,0
16047.jpg,1
14082.jpg,0
11174.jpg,1
15576.jpg,1
10916.jpg,2
15090.jpg,1
11907.jpg,2
11079.jpg,1
12454.jpg,0
11250.jpg,2
12456.jpg,2
15336.jpg,1
14850.jpg,2
11019.jpg,1
12767.jpg,2
13929.jpg,0
12772.jpg,1
14077.jpg,0
16223.jpg,1
12475.jpg,0
14341.jpg,0
10805.jpg,2
14171.jpg,1
11775.jpg,1
15505.jpg,1
12219.jpg,1
13788.jpg,2
15466.jpg,0
12951.jpg,1
12431.jpg,0
12348.jpg,1
14950.jpg,1
15446.jpg,0
12567.jpg,1
14823.jpg,1
12721.jpg,1
10902.jpg,0
13225.jpg,1
15878.jpg,1
12910.jpg,0
14386.jpg,2
15186.jpg,1
13287.jpg,0
15456.jpg,0
13678.jpg,0
15673.jpg,1
11844.jpg,1
11538.jpg,1
14887.jpg,2
15272.jpg,1
12457.jpg,2
14842.jpg,0
11552.jpg,2
11081.jpg,0
12934.jpg,1
13335.jpg,0
16021.jpg,1
11006.jpg,2
13307.jpg,2
13304.jpg,2
14277.jpg,0
12123.jpg,1
12051.jpg,0
11469.jpg,2
13257.jpg,2
15215.jpg,1
14814.jpg,1
14183.jpg,0
10936.jpg,2
13346.jpg,0
10855.jpg,2
14240.jpg,2
13285.jpg,0
11350.jpg,2
11011.jpg,2
13345.jpg,1
12754.jpg,2
13183.jpg,1
10899.jpg,2
13758.jpg,2
12979.jpg,1
14189.jpg,1
15816.jpg,1
14711.jpg,1
11522.jpg,2
14001.jpg,0
14184.jpg,0
11541.jpg,2
14751.jpg,2
13209.jpg,1
12402.jpg,1
11206.jpg,1
13994.jpg,1
15825.jpg,1
11649.jpg,1
14434.jpg,1
12451.jpg,0
12591.jpg,0
13557.jpg,0
13555.jpg,0
14745.jpg,2
10980.jpg,2
11025.jpg,2
11919.jpg,2
13690.jpg,2
15844.jpg,1
15002.jpg,1
15345.jpg,0
10901.jpg,2
15784.jpg,1
13967.jpg,0
12914.jpg,0
14925.jpg,1
15354.jpg,1
12368.jpg,1
13438.jpg,1
12144.jpg,1
13671.jpg,0
12871.jpg,1
11788.jpg,1
13698.jpg,1
12180.jpg,0
14101.jpg,0
15503.jpg,1
12192.jpg,2
15096.jpg,1
11352.jpg,1
12562.jpg,0
11668.jpg,1
15714.jpg,0
11213.jpg,2
11665.jpg,2
14195.jpg,0
13885.jpg,1
12248.jpg,1
13129.jpg,1
11817.jpg,0
12841.jpg,2
15171.jpg,0
15295.jpg,2
15544.jpg,1
14519.jpg,0
14194.jpg,0
13068.jpg,1
12385.jpg,2
15400.jpg,1
12969.jpg,0
13891.jpg,1
13417.jpg,1
11937.jpg,1
15051.jpg,2
11523.jpg,2
13026.jpg,0
14165.jpg,0
14055.jpg,1
12999.jpg,1
11805.jpg,2
11551.jpg,2
15659.jpg,2
15385.jpg,0
15654.jpg,2
11953.jpg,2
11326.jpg,1
12875.jpg,1
11839.jpg,1
16032.jpg,0
15059.jpg,2
11603.jpg,1
12011.jpg,0
12585.jpg,0
12360.jpg,1
10913.jpg,2
10876.jpg,2
11228.jpg,1
12200.jpg,1
14729.jpg,1
11543.jpg,2
16222.jpg,1
11555.jpg,0
13208.jpg,1
14226.jpg,0
13912.jpg,0
11449.jpg,1
13635.jpg,1
15303.jpg,1
12477.jpg,0
11906.jpg,2
13280.jpg,0
11677.jpg,2
12672.jpg,2
12111.jpg,0
12792.jpg,1
14706.jpg,1
12844.jpg,2
13928.jpg,0
10977.jpg,2
15735.jpg,0
14817.jpg,1
16006.jpg,0
11807.jpg,2
11136.jpg,1
11311.jpg,1
15508.jpg,0
13326.jpg,0
12084.jpg,0
12775.jpg,0
15276.jpg,2
14086.jpg,0
14214.jpg,0
13086.jpg,1
12945.jpg,2
12849.jpg,2
14543.jpg,1
13809.jpg,2
11381.jpg,0
11435.jpg,1
14291.jpg,0
15758.jpg,0
13653.jpg,1
13084.jpg,0
15578.jpg,1
11369.jpg,1
12265.jpg,1
11293.jpg,1
14767.jpg,1
13533.jpg,1
15124.jpg,0
15292.jpg,1
11951.jpg,2
11463.jpg,0
12618.jpg,0
14145.jpg,1
10907.jpg,1
13455.jpg,0
16042.jpg,0
15640.jpg,2
12161.jpg,2
12896.jpg,1
11291.jpg,1
12788.jpg,1
16062.jpg,1
13161.jpg,1
15153.jpg,0
14962.jpg,1
10872.jpg,2
14787.jpg,2
15549.jpg,1
10991.jpg,2
13272.jpg,0
14085.jpg,0
12552.jpg,0
11927.jpg,2
13747.jpg,1
14742.jpg,1
13903.jpg,0
13081.jpg,1
12186.jpg,2
12838.jpg,0
13669.jpg,0
14766.jpg,1
12336.jpg,2
10885.jpg,2
12926.jpg,1
15869.jpg,1
13385.jpg,0
15387.jpg,0
14841.jpg,0
14866.jpg,1
11190.jpg,1
11436.jpg,1
14361.jpg,2
12906.jpg,0
13663.jpg,1
11154.jpg,1
11168.jpg,1
14332.jpg,1
13179.jpg,1
13924.jpg,1
11544.jpg,2
16029.jpg,1
16227.jpg,1
14453.jpg,1
13711.jpg,1
11368.jpg,1
14521.jpg,1
12528.jpg,0
13426.jpg,1
11568.jpg,1
12574.jpg,2
10951.jpg,1
12941.jpg,1
13039.jpg,1
12980.jpg,2
13282.jpg,0
13244.jpg,1
13927.jpg,0
15846.jpg,1
12966.jpg,0
11664.jpg,2
11284.jpg,1
15168.jpg,0
15249.jpg,2
15804.jpg,0
11162.jpg,2
13495.jpg,1
13494.jpg,1
13913.jpg,0
15506.jpg,0
13882.jpg,0
14095.jpg,0
12326.jpg,1
15727.jpg,1
12617.jpg,0
15371.jpg,1
10996.jpg,2
14894.jpg,2
13463.jpg,0
10904.jpg,1
12122.jpg,0
15337.jpg,1
14826.jpg,1
14806.jpg,1
14741.jpg,0
12147.jpg,1
13662.jpg,2
12956.jpg,1
16297.jpg,1
15873.jpg,1
11428.jpg,1
12785.jpg,2
15045.jpg,0
12448.jpg,0
13360.jpg,2
13290.jpg,0
13540.jpg,1
14331.jpg,1
12940.jpg,1
13369.jpg,2
13874.jpg,1
11212.jpg,2
16000.jpg,0
14871.jpg,2
11486.jpg,1
13888.jpg,1
13518.jpg,1
11417.jpg,0
12183.jpg,1
13657.jpg,2
11963.jpg,2
12240.jpg,2
12676.jpg,0
14870.jpg,2
20434.jpg,0
11670.jpg,2
11127.jpg,1
13739.jpg,0
12936.jpg,1
13474.jpg,1
15454.jpg,0
16221.jpg,0
12856.jpg,1
11685.jpg,2
15567.jpg,0
11390.jpg,1
13376.jpg,2
12568.jpg,1
15435.jpg,0
13457.jpg,0
13214.jpg,1
15093.jpg,1
15011.jpg,2
11496.jpg,2
12665.jpg,1
12277.jpg,2
10784.jpg,2
13166.jpg,0
15997.jpg,0
11094.jpg,0
11676.jpg,2
14969.jpg,1
13892.jpg,1
15370.jpg,1
14253.jpg,0
11367.jpg,2
13019.jpg,2
13372.jpg,2
15109.jpg,0
14553.jpg,1
11279.jpg,1
12179.jpg,0
12218.jpg,1
12359.jpg,1
10864.jpg,1
11253.jpg,1
13895.jpg,1
11766.jpg,1
11682.jpg,2
14859.jpg,1
14053.jpg,1
11509.jpg,0
11975.jpg,0
12809.jpg,1
14663.jpg,2
13107.jpg,1
14295.jpg,0
15110.jpg,0
15733.jpg,0
14874.jpg,2
13096.jpg,0
12309.jpg,1
12735.jpg,2
11877.jpg,2
15439.jpg,0
14731.jpg,2
11574.jpg,1
12641.jpg,0
12569.jpg,1
13334.jpg,0
12000.jpg,2
11600.jpg,2
12623.jpg,1
11630.jpg,2
14178.jpg,1
15092.jpg,1
13512.jpg,1
14427.jpg,0
13705.jpg,1
13172.jpg,1
15696.jpg,1
12515.jpg,1
15568.jpg,0
15165.jpg,0
12995.jpg,1
15266.jpg,0
12121.jpg,0
12586.jpg,0
16057.jpg,1
12771.jpg,1
11967.jpg,2
11700.jpg,2
11305.jpg,1
15740.jpg,2
12355.jpg,2
12061.jpg,0
12354.jpg,2
11058.jpg,2
15562.jpg,1
13219.jpg,1
12296.jpg,2
13664.jpg,1
10858.jpg,2
11429.jpg,1
13373.jpg,0
13583.jpg,1
11479.jpg,1
15384.jpg,0
15116.jpg,1
11039.jpg,2
13802.jpg,0
10865.jpg,2
12349.jpg,1
13467.jpg,0
14799.jpg,2
12052.jpg,0
12620.jpg,0
16012.jpg,0
13320.jpg,0
15077.jpg,2
12925.jpg,1
14032.jpg,1
12090.jpg,0
10972.jpg,1
13718.jpg,1
15773.jpg,1
12063.jpg,0
13803.jpg,0
12301.jpg,2
15666.jpg,1
15415.jpg,0
12787.jpg,2
13232.jpg,1
10909.jpg,1
13218.jpg,0
11485.jpg,2
11517.jpg,0
11244.jpg,0
11845.jpg,1
12104.jpg,1
12151.jpg,1
10964.jpg,2
14912.jpg,1
15329.jpg,1
14222.jpg,0
10967.jpg,1
11255.jpg,2
11611.jpg,0
12744.jpg,0
13396.jpg,2
14052.jpg,2
14872.jpg,2
14197.jpg,0
11599.jpg,2
15702.jpg,0
11410.jpg,1
13717.jpg,1
11867.jpg,1
14172.jpg,1
11843.jpg,2
13057.jpg,0
12597.jpg,2
12362.jpg,1
14176.jpg,0
15856.jpg,1
13239.jpg,1
15736.jpg,0
14893.jpg,2
12171.jpg,1
15551.jpg,1
13260.jpg,0
14544.jpg,1
14431.jpg,2
10989.jpg,2
10933.jpg,2
14868.jpg,1
12465.jpg,2
16028.jpg,0
13470.jpg,0
15837.jpg,1
12599.jpg,1
10859.jpg,1
11500.jpg,0
14002.jpg,0
12543.jpg,2
13807.jpg,2
20413.jpg,0
11490.jpg,2
13078.jpg,0
12615.jpg,0
11546.jpg,2
12554.jpg,0
12647.jpg,0
14261.jpg,0
14914.jpg,1
16307.jpg,0
14359.jpg,1
13884.jpg,1
20427.jpg,0
13968.jpg,0
11468.jpg,2
11091.jpg,2
14756.jpg,2
16037.jpg,0
12432.jpg,1
15049.jpg,2
14056.jpg,1
12535.jpg,2
12241.jpg,2
16299.jpg,0
12656.jpg,1
13772.jpg,0
11819.jpg,0
12462.jpg,2
12659.jpg,1
12135.jpg,1
12391.jpg,2
10948.jpg,2
14703.jpg,1
13650.jpg,1
15396.jpg,1
13139.jpg,0
14869.jpg,2
11626.jpg,1
16092.jpg,0
10896.jpg,2
15834.jpg,1
11848.jpg,2
11218.jpg,1
13755.jpg,1
15491.jpg,0
15123.jpg,0
11030.jpg,2
13996.jpg,1
13791.jpg,2
15739.jpg,2
12139.jpg,1
13568.jpg,0
15829.jpg,1
14211.jpg,1
15685.jpg,1
13901.jpg,0
15771.jpg,1
11460.jpg,1
13245.jpg,1
14595.jpg,1
13368.jpg,2
11471.jpg,2
10931.jpg,2
13511.jpg,1
10920.jpg,2
16230.jpg,1
15701.jpg,0
13047.jpg,0
12684.jpg,2
13212.jpg,1
15819.jpg,1
12114.jpg,1
11498.jpg,0
13400.jpg,2
12958.jpg,2
12589.jpg,0
14424.jpg,2
12284.jpg,1
14801.jpg,2
13759.jpg,2
13805.jpg,1
15039.jpg,2
14278.jpg,1
15721.jpg,1
13499.jpg,1
14810.jpg,1
12442.jpg,1
14805.jpg,1
15756.jpg,1
11566.jpg,1
11217.jpg,1
11192.jpg,1
11448.jpg,1
15741.jpg,2
15220.jpg,2
10799.jpg,2
10850.jpg,1
14585.jpg,2
14000.jpg,0
12823.jpg,2
15447.jpg,1
13152.jpg,1
12661.jpg,1
12660.jpg,1
12233.jpg,0
12527.jpg,0
13547.jpg,0
16038.jpg,0
11941.jpg,1
11767.jpg,1
14753.jpg,1
11261.jpg,2
12190.jpg,2
14364.jpg,1
11489.jpg,1
13204.jpg,1
13987.jpg,2
13302.jpg,0
12593.jpg,2
12869.jpg,1
15660.jpg,1
13740.jpg,0
11598.jpg,2
14735.jpg,2
14117.jpg,1
15728.jpg,1
14772.jpg,1
14858.jpg,1
11226.jpg,0
11278.jpg,1
16498.jpg,1
11382.jpg,0
11076.jpg,2
14019.jpg,1
13337.jpg,0
12021.jpg,1
12882.jpg,1
10848.jpg,2
11497.jpg,0
15477.jpg,0
11948.jpg,1
14779.jpg,2
11365.jpg,1
13701.jpg,1
11106.jpg,2
13430.jpg,1
15625.jpg,2
13998.jpg,1
12212.jpg,0
12715.jpg,1
13587.jpg,2
12458.jpg,2
11165.jpg,1
11003.jpg,2
14556.jpg,1
12164.jpg,2
15589.jpg,1
14775.jpg,1
11379.jpg,1
10965.jpg,2
16298.jpg,0
12094.jpg,0
15281.jpg,1
14250.jpg,0
12858.jpg,1
11157.jpg,2
12489.jpg,1
15127.jpg,0
13726.jpg,2
14385.jpg,2
10845.jpg,2
14695.jpg,2
16068.jpg,1
11114.jpg,2
13934.jpg,0
15812.jpg,0
12396.jpg,0
15169.jpg,0
13186.jpg,1
13731.jpg,0
15858.jpg,1
15402.jpg,1
11777.jpg,2
12153.jpg,1
12791.jpg,1
14880.jpg,2
16026.jpg,0
15478.jpg,1
15150.jpg,0
13554.jpg,0
14007.jpg,0
14328.jpg,0
13044.jpg,0
12089.jpg,0
11537.jpg,2
14321.jpg,1
13100.jpg,0
15769.jpg,1
13798.jpg,0
11026.jpg,2
14045.jpg,0
13153.jpg,1
13077.jpg,0
14020.jpg,1
13420.jpg,1
15731.jpg,1
11717.jpg,2
13528.jpg,1
12500.jpg,2
14251.jpg,0
14710.jpg,1
13986.jpg,2
11816.jpg,0
14339.jpg,1
12488.jpg,1
12109.jpg,0
11899.jpg,0
12793.jpg,1
15115.jpg,1
11178.jpg,2
13894.jpg,1
15774.jpg,1
16069.jpg,1
13267.jpg,2
12145.jpg,1
15201.jpg,0
10873.jpg,2
15469.jpg,0
15595.jpg,1
12644.jpg,0
15212.jpg,1
15158.jpg,0
20422.jpg,0
12297.jpg,2
13231.jpg,1
12010.jpg,0
12923.jpg,2
14860.jpg,1
11138.jpg,2
12709.jpg,2
12621.jpg,1
13236.jpg,1
12443.jpg,2
13799.jpg,1
13559.jpg,0
15566.jpg,0
13440.jpg,1
15662.jpg,1
12274.jpg,1
12908.jpg,0
15786.jpg,1
12390.jpg,2
11097.jpg,2
12985.jpg,2
13468.jpg,0
13689.jpg,2
13132.jpg,2
14179.jpg,1
13378.jpg,2
14234.jpg,0
11042.jpg,2
11012.jpg,2
13043.jpg,0
14732.jpg,1
16321.jpg,1
15711.jpg,0
13324.jpg,0
12340.jpg,1
15430.jpg,0
11201.jpg,2
13577.jpg,2
15557.jpg,1
14918.jpg,1
14815.jpg,1
15296.jpg,2
13410.jpg,1
13500.jpg,1
15550.jpg,1
15120.jpg,1
11694.jpg,0
13058.jpg,0
15473.jpg,1
11984.jpg,2
11104.jpg,1
12873.jpg,1
12713.jpg,1
13242.jpg,1
14073.jpg,0
12983.jpg,2
12008.jpg,0
11782.jpg,1
14296.jpg,0
14392.jpg,1
14300.jpg,0
13297.jpg,1
10862.jpg,1
13110.jpg,1
10846.jpg,2
13151.jpg,1
15161.jpg,0
15151.jpg,1
12778.jpg,0
13768.jpg,0
15335.jpg,1
13301.jpg,0
12845.jpg,2
12880.jpg,2
13985.jpg,1
12322.jpg,1
12369.jpg,1
15301.jpg,2
15843.jpg,1
11023.jpg,2
12534.jpg,0
11297.jpg,1
12819.jpg,2
11559.jpg,1
15761.jpg,0
13268.jpg,2
14081.jpg,0
12828.jpg,0
12321.jpg,1
14118.jpg,1
11308.jpg,1
11620.jpg,1
15615.jpg,2
13444.jpg,1
15033.jpg,2
12215.jpg,0
13399.jpg,2
15737.jpg,2
12604.jpg,1
15452.jpg,0
15362.jpg,0
13897.jpg,1
12001.jpg,2
13628.jpg,1
13785.jpg,0
12308.jpg,1
10886.jpg,2
14087.jpg,1
13461.jpg,0
13643.jpg,1
14256.jpg,0
15361.jpg,0
16501.jpg,0
11900.jpg,0
11416.jpg,1
11447.jpg,1
12557.jpg,0
15208.jpg,1
13367.jpg,2
14527.jpg,1
14943.jpg,0
13348.jpg,0
13133.jpg,2
15403.jpg,0
13914.jpg,0
11815.jpg,0
12347.jpg,0
11974.jpg,0
15835.jpg,1
16330.jpg,1
15372.jpg,1
13202.jpg,1
14013.jpg,1
16228.jpg,1
20417.jpg,0
13176.jpg,2
11483.jpg,2
14160.jpg,0
15698.jpg,1
13308.jpg,2
14631.jpg,1
14429.jpg,0
15588.jpg,1
13744.jpg,2
12289.jpg,0
12780.jpg,2
11224.jpg,1
11146.jpg,1
11925.jpg,1
12551.jpg,0
11202.jpg,2
11020.jpg,2
16035.jpg,0
11161.jpg,0
11874.jpg,2
13488.jpg,2
15479.jpg,1
14255.jpg,0
14057.jpg,1
14452.jpg,2
12509.jpg,1
15268.jpg,0
12984.jpg,2
11342.jpg,1
13106.jpg,1
14065.jpg,0
11547.jpg,2
13792.jpg,2
12292.jpg,0
14215.jpg,1
15674.jpg,1
14856.jpg,2
16303.jpg,1
15463.jpg,0
12913.jpg,0
12692.jpg,0
15553.jpg,1
11466.jpg,2
14694.jpg,2
10882.jpg,1
14206.jpg,1
14094.jpg,0
12629.jpg,2
13997.jpg,1
15855.jpg,1
13677.jpg,0
13959.jpg,0
11292.jpg,1
11357.jpg,1
13143.jpg,1
12350.jpg,2
13651.jpg,1
13343.jpg,2
10893.jpg,2
12587.jpg,0
15489.jpg,0
14795.jpg,2
13178.jpg,1
14964.jpg,1
10804.jpg,2
15709.jpg,0
13789.jpg,2
15763.jpg,1
14080.jpg,0
13059.jpg,0
11395.jpg,2
13184.jpg,1
11073.jpg,2
11879.jpg,1
13286.jpg,0
11303.jpg,1
16074.jpg,0
14260.jpg,1
12329.jpg,2
15663.jpg,1
15378.jpg,1
13036.jpg,1
11354.jpg,1
15099.jpg,1
13751.jpg,1
14830.jpg,2
14119.jpg,1
11940.jpg,1
15548.jpg,1
11575.jpg,0
11641.jpg,1
14791.jpg,0
13687.jpg,0
14451.jpg,2
15459.jpg,0
14356.jpg,0
12533.jpg,0
11374.jpg,1
13779.jpg,1
15494.jpg,1
12798.jpg,1
12996.jpg,1
15263.jpg,1
13341.jpg,2
15163.jpg,0
11477.jpg,1
14807.jpg,1
15622.jpg,2
13733.jpg,0
15749.jpg,1
15421.jpg,0
11221.jpg,1
15178.jpg,1
16019.jpg,1
13344.jpg,2
12203.jpg,2
13719.jpg,1
11237.jpg,2
12903.jpg,2
15427.jpg,0
11470.jpg,2
15222.jpg,2
15768.jpg,0
10879.jpg,2
12318.jpg,0
13409.jpg,1
11735.jpg,0
15776.jpg,1
12157.jpg,1
11197.jpg,2
13471.jpg,0
10973.jpg,2
13393.jpg,0
10992.jpg,2
12254.jpg,1
13522.jpg,1
13277.jpg,1
15156.jpg,0
13658.jpg,2
12305.jpg,1
14103.jpg,0
11657.jpg,1
16081.jpg,0
11789.jpg,1
12400.jpg,0
15861.jpg,2
15496.jpg,1
12616.jpg,0
14938.jpg,2
12513.jpg,1
14831.jpg,2
13742.jpg,1
12225.jpg,2
12816.jpg,1
12938.jpg,0
11227.jpg,1
12405.jpg,2
11934.jpg,1
11698.jpg,0
13276.jpg,1
12470.jpg,1
15075.jpg,1
12755.jpg,2
13222.jpg,1
12067.jpg,2
14901.jpg,1
14066.jpg,0
13127.jpg,1
14818.jpg,1
14968.jpg,1
11188.jpg,0
12717.jpg,1
13881.jpg,2
12138.jpg,1
11129.jpg,1
13749.jpg,2
14953.jpg,1
14351.jpg,0
11622.jpg,1
11728.jpg,1
10914.jpg,2
14998.jpg,0
15027.jpg,1
13695.jpg,0
15094.jpg,1
11811.jpg,0
12957.jpg,2
14383.jpg,2
12478.jpg,0
14719.jpg,1
10928.jpg,0
12564.jpg,0
13524.jpg,1
14594.jpg,2
12449.jpg,0
12839.jpg,1
11339.jpg,1
15111.jpg,0
20432.jpg,0
13648.jpg,1
13516.jpg,1
13387.jpg,0
11021.jpg,2
14400.jpg,1
15572.jpg,1
11679.jpg,2
11615.jpg,0
10779.jpg,2
11856.jpg,0
12201.jpg,1
13880.jpg,0
13254.jpg,2
14283.jpg,0
12383.jpg,2
15147.jpg,1
12189.jpg,2
15037.jpg,2
13314.jpg,1
15026.jpg,1
13056.jpg,0
11549.jpg,2
11576.jpg,0
12146.jpg,1
12167.jpg,2
16312.jpg,0
11983.jpg,1
14199.jpg,0
12726.jpg,2
15653.jpg,2
14958.jpg,0
11964.jpg,2
13454.jpg,0
11064.jpg,2
11992.jpg,0
15290.jpg,2
11229.jpg,0
13917.jpg,0
13422.jpg,1
12283.jpg,1
15838.jpg,1
16024.jpg,1
12840.jpg,2
11629.jpg,2
11108.jpg,1
14832.jpg,2
12635.jpg,0
12943.jpg,1
13109.jpg,1
15437.jpg,0
11998.jpg,1
15616.jpg,2
15422.jpg,0
13235.jpg,1
13370.jpg,2
12872.jpg,2
11722.jpg,1
12270.jpg,0
12848.jpg,2
13558.jpg,0
12116.jpg,1
15859.jpg,1
13970.jpg,0
14266.jpg,0
14665.jpg,2
10927.jpg,0
12808.jpg,1
14736.jpg,2
13878.jpg,1
14004.jpg,0
11328.jpg,1
15864.jpg,1
11860.jpg,1
14249.jpg,0
11409.jpg,1
14433.jpg,1
14949.jpg,1
15098.jpg,2
15730.jpg,1
20414.jpg,0
11060.jpg,2
11487.jpg,2
10937.jpg,2
13923.jpg,1
13814.jpg,1
14923.jpg,1
15751.jpg,1
14349.jpg,1
11772.jpg,1
13790.jpg,2
14015.jpg,1
15348.jpg,0
12649.jpg,2
10853.jpg,2
12174.jpg,0
12681.jpg,2
15025.jpg,1
14347.jpg,1
13119.jpg,0
13979.jpg,0
14221.jpg,0
12546.jpg,1
16009.jpg,0
12311.jpg,1
12852.jpg,1
11362.jpg,1
13562.jpg,0
13922.jpg,1
12730.jpg,1
13993.jpg,2
14122.jpg,2
11056.jpg,2
12701.jpg,1
13296.jpg,1
13890.jpg,1
11062.jpg,2
13889.jpg,1
14201.jpg,0
13774.jpg,0
14011.jpg,1
15055.jpg,2
13015.jpg,0
12876.jpg,1
12786.jpg,2
12230.jpg,0
15280.jpg,1
11952.jpg,2
14808.jpg,1
14224.jpg,0
11635.jpg,2
15193.jpg,0
13052.jpg,0
10785.jpg,2
15052.jpg,2
13072.jpg,0
11997.jpg,1
15485.jpg,0
15726.jpg,1
11495.jpg,2
15145.jpg,1
11233.jpg,2
11263.jpg,0
10905.jpg,0
12132.jpg,0
14100.jpg,0
13025.jpg,0
12978.jpg,1
13693.jpg,0
11325.jpg,1
14739.jpg,0
12088.jpg,0
20430.jpg,0
15482.jpg,0
13243.jpg,1
12824.jpg,2
15571.jpg,0
13764.jpg,1
11254.jpg,2
11267.jpg,1
15015.jpg,1
13504.jpg,1
12883.jpg,1
13625.jpg,0
15149.jpg,2
11036.jpg,1
12510.jpg,1
12628.jpg,2
14740.jpg,1
10922.jpg,2
13586.jpg,2
10802.jpg,2
13507.jpg,1
12972.jpg,0
14284.jpg,0
13584.jpg,2
13715.jpg,1
13115.jpg,1
13046.jpg,0
14366.jpg,2
15492.jpg,0
14348.jpg,1
14012.jpg,1
13053.jpg,0
13508.jpg,1
10870.jpg,2
13449.jpg,2
12928.jpg,1
14994.jpg,0
14191.jpg,0
13051.jpg,1
15440.jpg,0
13732.jpg,0
13299.jpg,1
14904.jpg,1
15850.jpg,1
15596.jpg,1
12181.jpg,1
12743.jpg,0
11398.jpg,1
12294.jpg,1
12163.jpg,2
16078.jpg,0
14966.jpg,1
14723.jpg,1
12226.jpg,2
15569.jpg,0
11962.jpg,2
13177.jpg,2
11720.jpg,2
10880.jpg,2
15531.jpg,0
13633.jpg,1
15644.jpg,1
15672.jpg,1
16055.jpg,0
12503.jpg,0
12015.jpg,0
14704.jpg,1
12196.jpg,1
15299.jpg,2
13710.jpg,1
11163.jpg,2
14354.jpg,2
15533.jpg,0
10961.jpg,2
12516.jpg,0
14895.jpg,2
11770.jpg,1
12022.jpg,0
14931.jpg,1
14188.jpg,1
13322.jpg,0
11363.jpg,1
15453.jpg,0
11080.jpg,0
11472.jpg,2
10939.jpg,2
11152.jpg,2
15678.jpg,2
15053.jpg,2
11912.jpg,2
11457.jpg,1
10943.jpg,2
15297.jpg,2
15882.jpg,1
11851.jpg,2
12204.jpg,2
12101.jpg,0
13415.jpg,1
15021.jpg,1
13170.jpg,1
14748.jpg,2
13630.jpg,1
13227.jpg,1
13505.jpg,1
12471.jpg,1
16087.jpg,0
12466.jpg,1
16090.jpg,0
13972.jpg,0
11613.jpg,0
14929.jpg,1
13145.jpg,1
12874.jpg,1
14358.jpg,0
10786.jpg,2
13124.jpg,1
12210.jpg,1
12363.jpg,1
13531.jpg,2
11710.jpg,2
12205.jpg,2
15717.jpg,0
15876.jpg,1
15188.jpg,1
12004.jpg,1
13490.jpg,1
12939.jpg,1
13673.jpg,0
15425.jpg,0
13730.jpg,0
14517.jpg,0
15587.jpg,1
11335.jpg,1
14530.jpg,1
13237.jpg,1
13712.jpg,1
15598.jpg,1
15213.jpg,1
14006.jpg,0
15114.jpg,1
13394.jpg,0
16008.jpg,0
15558.jpg,1
12113.jpg,0
15001.jpg,2
15860.jpg,1
14232.jpg,0
12304.jpg,2
15875.jpg,1
13638.jpg,2
10959.jpg,2
10983.jpg,2
13932.jpg,0
15225.jpg,1
16002.jpg,0
11210.jpg,1
12566.jpg,1
13707.jpg,1
12884.jpg,1
14851.jpg,2
13659.jpg,2
11658.jpg,1
12394.jpg,1
14634.jpg,1
12686.jpg,1
13532.jpg,1
15732.jpg,1
10788.jpg,2
13446.jpg,2
14274.jpg,1
12222.jpg,2
13088.jpg,1
14378.jpg,1
16082.jpg,0
14108.jpg,0
13574.jpg,1
11140.jpg,1
11926.jpg,1
10795.jpg,2
13390.jpg,0
14146.jpg,1
14738.jpg,1
15265.jpg,1
10947.jpg,2
11405.jpg,2
14920.jpg,1
12217.jpg,1
15743.jpg,1
12307.jpg,2
16072.jpg,0
13594.jpg,1
15207.jpg,1
12066.jpg,2
12877.jpg,2
15600.jpg,2
11909.jpg,2
12124.jpg,1
14050.jpg,2
12039.jpg,1
11831.jpg,2
12807.jpg,1
13398.jpg,2
12563.jpg,0
11721.jpg,1
11053.jpg,2
11373.jpg,1
13357.jpg,1
13746.jpg,2
14961.jpg,1
13389.jpg,0
12868.jpg,1
13980.jpg,0
13271.jpg,2
20435.jpg,0
13781.jpg,1
13080.jpg,1
13745.jpg,2
12802.jpg,1
13383.jpg,0
11593.jpg,0
15468.jpg,0
13165.jpg,0
15559.jpg,1
12680.jpg,2
11333.jpg,1
11169.jpg,1
14181.jpg,1
12885.jpg,1
15507.jpg,0
14963.jpg,1
12651.jpg,2
10999.jpg,2
13503.jpg,1
13984.jpg,1
12331.jpg,1
12646.jpg,0
11562.jpg,1
14090.jpg,0
12640.jpg,0
15375.jpg,1
14230.jpg,1
12612.jpg,0
15205.jpg,1
15014.jpg,1
10971.jpg,0
13548.jpg,0
15112.jpg,0
15742.jpg,2
15590.jpg,1
15141.jpg,0
13293.jpg,1
14539.jpg,0
11344.jpg,1
15382.jpg,1
16048.jpg,2
16063.jpg,0
13995.jpg,1
11708.jpg,2
14551.jpg,1
14759.jpg,1
13377.jpg,2
13142.jpg,1
12035.jpg,1
13735.jpg,0
11809.jpg,0
11444.jpg,2
13765.jpg,0
13904.jpg,0
11068.jpg,2
15209.jpg,0
11783.jpg,1
11660.jpg,0
13028.jpg,0
15431.jpg,0
11110.jpg,2
12711.jpg,1
12120.jpg,0
11539.jpg,1
11671.jpg,1
11389.jpg,2
11155.jpg,1
11820.jpg,0
14182.jpg,1
12973.jpg,0
14760.jpg,1
10778.jpg,2
15332.jpg,1
12231.jpg,0
11187.jpg,1
15228.jpg,1
13787.jpg,2
13087.jpg,1
11301.jpg,1
14796.jpg,2
11246.jpg,1
14162.jpg,0
16031.jpg,0
12191.jpg,1
14586.jpg,0
14933.jpg,0
11949.jpg,1
11100.jpg,0
11341.jpg,1
11734.jpg,0
14205.jpg,1
11799.jpg,2
14252.jpg,0
12765.jpg,2
13780.jpg,1
11153.jpg,2
14840.jpg,0
15853.jpg,0
12085.jpg,0
11041.jpg,1
12964.jpg,0
15630.jpg,2
12537.jpg,2
15894.jpg,1
14148.jpg,1
14038.jpg,0
14771.jpg,1
11825.jpg,2
11596.jpg,2
13950.jpg,1
15389.jpg,0
12748.jpg,0
15538.jpg,0
11507.jpg,0
14070.jpg,0
13694.jpg,1
13255.jpg,2
12031.jpg,1
10891.jpg,2
13920.jpg,0
15656.jpg,1
12976.jpg,1
11223.jpg,1
15460.jpg,0
11300.jpg,1
15854.jpg,1
14743.jpg,2
12228.jpg,2
11454.jpg,2
12315.jpg,0
11130.jpg,0
13253.jpg,2
12663.jpg,1
11636.jpg,2
13700.jpg,1
14819.jpg,1
12447.jpg,2
15038.jpg,2
10911.jpg,2
14892.jpg,0
12048.jpg,1
10881.jpg,1
11850.jpg,1
10874.jpg,2
14362.jpg,2
11632.jpg,2
13537.jpg,2
13582.jpg,1
13230.jpg,1
13685.jpg,0
15012.jpg,2
14930.jpg,1
14889.jpg,2
10981.jpg,2
12832.jpg,0
12064.jpg,0
15487.jpg,0
11776.jpg,1
12506.jpg,1
10787.jpg,2
13229.jpg,1
20419.jpg,0
14241.jpg,2
14835.jpg,0
13652.jpg,1
11810.jpg,0
13022.jpg,1
13339.jpg,0
12561.jpg,0
12286.jpg,0
12025.jpg,0
15392.jpg,0
12836.jpg,0
15712.jpg,0
15715.jpg,0
13445.jpg,1
15160.jpg,0
13918.jpg,0
12967.jpg,0
11111.jpg,2
11366.jpg,2
12398.jpg,0
13018.jpg,2
15637.jpg,2
10833.jpg,0
15412.jpg,0
13312.jpg,0
12522.jpg,0
12825.jpg,0
11016.jpg,2
14794.jpg,1
16300.jpg,0
13181.jpg,1
10883.jpg,1
10908.jpg,1
13371.jpg,2
10969.jpg,2
10958.jpg,2
12050.jpg,0
14217.jpg,0
13374.jpg,0
11854.jpg,1
13419.jpg,2
14449.jpg,1
11829.jpg,2
14299.jpg,0
15800.jpg,0
13130.jpg,1
15752.jpg,1
12044.jpg,0
11215.jpg,1
12351.jpg,2
14203.jpg,0
13721.jpg,1
14821.jpg,1
11563.jpg,1
14257.jpg,1
14008.jpg,1
14180.jpg,1
15139.jpg,0
15722.jpg,1
10816.jpg,2
12795.jpg,1
16322.jpg,1
16004.jpg,0
15058.jpg,2
12699.jpg,0
15399.jpg,1
11063.jpg,2
12716.jpg,1
11032.jpg,2
14286.jpg,0
11773.jpg,1
11232.jpg,2
15745.jpg,1
13796.jpg,1
13988.jpg,2
15708.jpg,0
13223.jpg,1
12158.jpg,1
14282.jpg,0
15579.jpg,1
12909.jpg,0
11181.jpg,1
11061.jpg,2
14175.jpg,0
11118.jpg,1
16094.jpg,0
11865.jpg,2
14343.jpg,2
13319.jpg,1
11787.jpg,2
11171.jpg,0
15377.jpg,1
14917.jpg,1
11124.jpg,2
11159.jpg,2
12890.jpg,1
15832.jpg,1
13024.jpg,0
15887.jpg,1
11973.jpg,0
12303.jpg,1
15351.jpg,0
11849.jpg,2
13138.jpg,1
16071.jpg,1
10924.jpg,2
14837.jpg,0
14784.jpg,1
12671.jpg,2
14377.jpg,1
13636.jpg,1
15438.jpg,0
13873.jpg,1
11001.jpg,2
14323.jpg,2
15164.jpg,0
12459.jpg,2
11004.jpg,2
15041.jpg,2
13332.jpg,0
13729.jpg,1
13526.jpg,1
12227.jpg,2
15476.jpg,0
14272.jpg,2
14529.jpg,1
13336.jpg,1
14096.jpg,0
12547.jpg,1
15470.jpg,0
11464.jpg,0
15175.jpg,0
12220.jpg,1
13561.jpg,0
13783.jpg,0
11597.jpg,2
12955.jpg,1
15870.jpg,2
14526.jpg,1
14827.jpg,2
15677.jpg,2
16315.jpg,0
12202.jpg,1
13962.jpg,0
12033.jpg,2
12150.jpg,1
15035.jpg,2
11193.jpg,1
14187.jpg,1
11054.jpg,2
13354.jpg,0
15802.jpg,0
15170.jpg,0
12737.jpg,2
11338.jpg,1
11235.jpg,1
12912.jpg,0
14951.jpg,1
13340.jpg,1
12601.jpg,1
13753.jpg,0
10974.jpg,2
15331.jpg,1
14942.jpg,0
11009.jpg,2
13801.jpg,1
20424.jpg,0
11249.jpg,2
14294.jpg,1
13359.jpg,2
12700.jpg,1
13808.jpg,2
11947.jpg,1
12370.jpg,1
11137.jpg,1
11296.jpg,1
12223.jpg,2
11738.jpg,0
12353.jpg,2
14555.jpg,1
15866.jpg,1
14554.jpg,1
15046.jpg,0
14721.jpg,1
11510.jpg,0
15996.jpg,0
11929.jpg,1
16229.jpg,1
11684.jpg,2
15444.jpg,0
12187.jpg,2
15429.jpg,0
16302.jpg,0
12239.jpg,2
12504.jpg,0
15483.jpg,0
11988.jpg,0
16025.jpg,0
11931.jpg,1
14084.jpg,0
12330.jpg,1
10780.jpg,2
10884.jpg,2
11071.jpg,2
13686.jpg,0
13327.jpg,0
12387.jpg,2
12648.jpg,1
12781.jpg,2
15138.jpg,0
11718.jpg,2
13675.jpg,0
12013.jpg,1
15611.jpg,2
12703.jpg,2
12141.jpg,1
15563.jpg,0
14264.jpg,0
11834.jpg,2
13672.jpg,0
12892.jpg,1
14734.jpg,2
11315.jpg,1
11583.jpg,1
14888.jpg,2
11595.jpg,2
15646.jpg,1
13704.jpg,1
12854.jpg,1
12229.jpg,2
15840.jpg,1
13458.jpg,0
13867.jpg,1
15472.jpg,1
13154.jpg,1
14726.jpg,1
13530.jpg,2
12285.jpg,1
12267.jpg,1
12867.jpg,1
13318.jpg,1
10956.jpg,2
13649.jpg,1
13069.jpg,1
11540.jpg,1
14828.jpg,2
11692.jpg,0
14727.jpg,1
13893.jpg,1
14668.jpg,1
12367.jpg,1
15134.jpg,0
11781.jpg,1
11029.jpg,2
11502.jpg,0
15458.jpg,0
12893.jpg,1
14780.jpg,2
13498.jpg,1
15344.jpg,0
11847.jpg,2
11862.jpg,1
14532.jpg,1
14697.jpg,2
15267.jpg,0
15671.jpg,1
16075.jpg,0
12127.jpg,0
12997.jpg,1
11234.jpg,2
12002.jpg,1
14304.jpg,0
12242.jpg,2
20416.jpg,0
14054.jpg,1
20429.jpg,0
14330.jpg,2
10875.jpg,2
14312.jpg,1
12626.jpg,2
16502.jpg,0
20415.jpg,0
12622.jpg,1
11057.jpg,2
11958.jpg,2
13247.jpg,2
11380.jpg,0
15787.jpg,1
13911.jpg,0
15718.jpg,0
14384.jpg,2
11268.jpg,1
13034.jpg,2
12399.jpg,0
14177.jpg,1
14542.jpg,1
14896.jpg,2
15998.jpg,0
14368.jpg,1
13032.jpg,2
10888.jpg,2
13632.jpg,1
12193.jpg,2
15030.jpg,2
15645.jpg,1
13074.jpg,0
11183.jpg,2
12993.jpg,0
15760.jpg,0
11969.jpg,2
12328.jpg,2
11240.jpg,1
14308.jpg,0
13185.jpg,1
15467.jpg,0
13089.jpg,0
13938.jpg,0
15288.jpg,2
11330.jpg,1
15539.jpg,0
11986.jpg,1
14905.jpg,1
12498.jpg,2
10895.jpg,2
13157.jpg,1
12946.jpg,1
14357.jpg,0
13131.jpg,2
12467.jpg,2
13634.jpg,1
11942.jpg,1
14324.jpg,2
11439.jpg,2
13797.jpg,0
13771.jpg,0
14270.jpg,1
12073.jpg,2
14936.jpg,2
12263.jpg,1
11349.jpg,2
12804.jpg,1
13961.jpg,0
12650.jpg,2
13355.jpg,1
13460.jpg,0
13552.jpg,0
11043.jpg,2
11991.jpg,0
14353.jpg,2
13173.jpg,1
12846.jpg,0
12855.jpg,1
12850.jpg,2
13794.jpg,2
12853.jpg,1
12086.jpg,0
15867.jpg,0
10839.jpg,2
13137.jpg,1
11277.jpg,1
12068.jpg,2
15805.jpg,1
11128.jpg,1
12970.jpg,0
12136.jpg,1
11002.jpg,2
11480.jpg,1
11040.jpg,2
14720.jpg,1
15366.jpg,0
14153.jpg,2
12581.jpg,0
13233.jpg,1
11581.jpg,1
11567.jpg,1
11095.jpg,1
15652.jpg,2
11131.jpg,0
11771.jpg,1
13054.jpg,0
11800.jpg,2
15029.jpg,1
11858.jpg,1
13981.jpg,1
15126.jpg,0
11981.jpg,1
15641.jpg,2
11861.jpg,1
15462.jpg,0
13093.jpg,0
12719.jpg,1
12014.jpg,0
15803.jpg,0
15713.jpg,0
13042.jpg,0
15128.jpg,0
15777.jpg,1
15196.jpg,0
11893.jpg,0
14803.jpg,2
11052.jpg,2
11141.jpg,1
15006.jpg,2
13407.jpg,1
12249.jpg,1
12341.jpg,0
11659.jpg,1
13523.jpg,1
15420.jpg,0
15260.jpg,1
11456.jpg,2
14422.jpg,0
12536.jpg,2
14713.jpg,1
13375.jpg,2
10990.jpg,1
12753.jpg,2
14072.jpg,0
11433.jpg,1
15376.jpg,1
14360.jpg,1
14028.jpg,1
11697.jpg,0
14954.jpg,1
13930.jpg,0
14910.jpg,1
16089.jpg,0
11542.jpg,2
12517.jpg,0
11922.jpg,2
15638.jpg,2
14854.jpg,2
13804.jpg,1
12977.jpg,1
14715.jpg,1
15697.jpg,1
14722.jpg,1
11241.jpg,1
15541.jpg,0
20438.jpg,0
13162.jpg,1
13216.jpg,1
12625.jpg,1
16308.jpg,1
15650.jpg,2
15813.jpg,1
15764.jpg,1
12334.jpg,2
13631.jpg,1
11135.jpg,0
13105.jpg,1
11442.jpg,2
14999.jpg,2
10960.jpg,2
11857.jpg,1
11371.jpg,1
14371.jpg,1
13549.jpg,0
10903.jpg,1
15023.jpg,1
12243.jpg,2
12281.jpg,2
12577.jpg,2
11119.jpg,1
12949.jpg,1
12761.jpg,2
14121.jpg,1
14746.jpg,2
11446.jpg,1
12576.jpg,2
12734.jpg,2
13256.jpg,2
15599.jpg,2
13325.jpg,0
15847.jpg,1
15700.jpg,1
13009.jpg,1
14229.jpg,0
14102.jpg,0
15561.jpg,1
11185.jpg,1
13724.jpg,1
15536.jpg,0
14861.jpg,1
14752.jpg,1
11047.jpg,2
15488.jpg,0
11699.jpg,2
13126.jpg,1
12352.jpg,2
14885.jpg,1
13413.jpg,1
12751.jpg,0
14916.jpg,1
14782.jpg,1
11586.jpg,2
12583.jpg,0
13728.jpg,1
14952.jpg,1
15480.jpg,0
12725.jpg,2
13521.jpg,1
11134.jpg,0
11794.jpg,2
14152.jpg,2
12835.jpg,0
12175.jpg,0
12027.jpg,0
11164.jpg,2
11594.jpg,2
12295.jpg,2
16001.jpg,0
13187.jpg,2
16296.jpg,0
14216.jpg,1
14185.jpg,1
12108.jpg,0
11077.jpg,0
16046.jpg,1
12049.jpg,0
11956.jpg,1
11828.jpg,2
14218.jpg,0
14698.jpg,2
13295.jpg,1
13380.jpg,0
12613.jpg,0
15004.jpg,2
15457.jpg,0
11378.jpg,0
10986.jpg,2
11225.jpg,1
11132.jpg,1
15102.jpg,1
13585.jpg,2
13120.jpg,1
13665.jpg,1
11736.jpg,0
15661.jpg,1
12820.jpg,2
11872.jpg,2
14372.jpg,1
12704.jpg,2
14907.jpg,0
13939.jpg,1
13534.jpg,1
11674.jpg,2
12739.jpg,1
12817.jpg,2
13716.jpg,0
11515.jpg,0
13298.jpg,1
13713.jpg,1
15106.jpg,1
11172.jpg,1
15537.jpg,0
15474.jpg,1
11271.jpg,2
12556.jpg,0
11801.jpg,2
11473.jpg,1
15552.jpg,0
14030.jpg,1
11123.jpg,2
11443.jpg,2
12316.jpg,0
12776.jpg,0
13248.jpg,2
11281.jpg,0
15706.jpg,0
12006.jpg,0
14664.jpg,1
16036.jpg,0
12149.jpg,1
11031.jpg,1
15020.jpg,1
15132.jpg,0
16034.jpg,0
15264.jpg,1
12750.jpg,0
12083.jpg,0
11980.jpg,1
14003.jpg,0
10889.jpg,2
13033.jpg,2
11508.jpg,0
13240.jpg,1
14948.jpg,1
13384.jpg,0
15664.jpg,1
12216.jpg,1
13309.jpg,0
15203.jpg,0
12074.jpg,2
12720.jpg,1
11051.jpg,2
10798.jpg,2
10940.jpg,2
13756.jpg,1
13782.jpg,1
12610.jpg,0
15842.jpg,1
15830.jpg,1
15657.jpg,2
12683.jpg,2
11120.jpg,2
11612.jpg,0
14762.jpg,1
12542.jpg,2
14280.jpg,1
14159.jpg,0
12244.jpg,2
12209.jpg,0
11840.jpg,1
12607.jpg,1
15200.jpg,0
14051.jpg,1
12606.jpg,1
13098.jpg,0
16053.jpg,0
15113.jpg,0
12603.jpg,1
12247.jpg,1
10979.jpg,2
13070.jpg,0
11778.jpg,2
11814.jpg,0
13062.jpg,1
16065.jpg,0
14774.jpg,1
11780.jpg,2
12100.jpg,1
11314.jpg,1
12818.jpg,1
14667.jpg,2
13660.jpg,1
14847.jpg,0
10929.jpg,1
12886.jpg,1
11205.jpg,0
12624.jpg,1
12261.jpg,1
12529.jpg,0
16091.jpg,0
14244.jpg,1
12653.jpg,2
11897.jpg,0
13750.jpg,1
15448.jpg,1
12364.jpg,1
13160.jpg,1
10949.jpg,1
13291.jpg,0
11033.jpg,2
12173.jpg,0
13935.jpg,0
13113.jpg,0
11475.jpg,1
11503.jpg,0
11098.jpg,1
14068.jpg,0
12670.jpg,1
12199.jpg,1
14662.jpg,2
10912.jpg,2
15497.jpg,1
15143.jpg,1
11264.jpg,0
14798.jpg,2
14928.jpg,1
11643.jpg,1
15040.jpg,2
12947.jpg,1
13159.jpg,1
14174.jpg,0
14289.jpg,0
13501.jpg,1
13147.jpg,1
11706.jpg,2
12275.jpg,1
13593.jpg,1
12299.jpg,2
13020.jpg,2
11422.jpg,0
16309.jpg,1
14790.jpg,0
11506.jpg,0
12018.jpg,1
11208.jpg,1
12128.jpg,0
13362.jpg,1
13408.jpg,1
15729.jpg,1
12165.jpg,1
16310.jpg,0
15433.jpg,0
15532.jpg,0
12847.jpg,1
14426.jpg,0
11923.jpg,2
10841.jpg,2
13091.jpg,0
11808.jpg,2
14825.jpg,1
14733.jpg,2
12790.jpg,1
15057.jpg,2
16056.jpg,2
11921.jpg,2
12310.jpg,1
15839.jpg,1
10975.jpg,2
12773.jpg,0
15770.jpg,0
15122.jpg,1
12728.jpg,1
11681.jpg,2
14757.jpg,1
14198.jpg,0
13958.jpg,1
12046.jpg,1
10877.jpg,2
15443.jpg,0
13330.jpg,0
11173.jpg,1
13472.jpg,0
13397.jpg,2
12745.jpg,0
11733.jpg,0
11945.jpg,1
15018.jpg,1
13684.jpg,0
16058.jpg,1
14714.jpg,1
14845.jpg,2
12565.jpg,1
15117.jpg,1
12472.jpg,1
14018.jpg,0
13502.jpg,1
15347.jpg,0
15285.jpg,1
15648.jpg,2
15342.jpg,1
13550.jpg,0
13644.jpg,1
13748.jpg,2
14941.jpg,0
14959.jpg,0
12118.jpg,0
13937.jpg,0
13221.jpg,1
15872.jpg,1
12657.jpg,1
13676.jpg,0
14150.jpg,2
15629.jpg,2
13811.jpg,1
11323.jpg,1
13991.jpg,1
11377.jpg,1
10919.jpg,2
11651.jpg,1
13642.jpg,1
15424.jpg,0
14147.jpg,1
10878.jpg,2
11740.jpg,2
14906.jpg,1
13571.jpg,0
14023.jpg,1
13576.jpg,2
13433.jpg,1
12486.jpg,1
11196.jpg,2
13123.jpg,1
15597.jpg,0
12434.jpg,2
11334.jpg,1
11606.jpg,0
12366.jpg,1
12531.jpg,0
12155.jpg,1
12206.jpg,2
12918.jpg,2
13778.jpg,0
15828.jpg,1
11252.jpg,1
13877.jpg,1
15177.jpg,0
11642.jpg,1
12343.jpg,0
13656.jpg,1
13546.jpg,0
12779.jpg,2
14944.jpg,0
12540.jpg,2
15289.jpg,2
12441.jpg,2
10938.jpg,2
11648.jpg,1
14902.jpg,1
14107.jpg,0
14334.jpg,0
13406.jpg,1
14702.jpg,1
12902.jpg,2
12059.jpg,0
11139.jpg,2
13274.jpg,0
13273.jpg,0
16325.jpg,1
14336.jpg,2
15807.jpg,1
12736.jpg,2
12710.jpg,2
11803.jpg,2
12071.jpg,2
11484.jpg,2
14298.jpg,0
14079.jpg,0
12942.jpg,1
14450.jpg,1
13436.jpg,1
15042.jpg,2
13014.jpg,2
12207.jpg,1
11090.jpg,1
11560.jpg,1
11901.jpg,0
14016.jpg,1
12764.jpg,2
13776.jpg,0
14884.jpg,1
15484.jpg,0
13681.jpg,0
14190.jpg,1
15091.jpg,1
12097.jpg,0
16039.jpg,0
13023.jpg,0
15428.jpg,0
15877.jpg,1
15350.jpg,0
11957.jpg,2
12393.jpg,2
12768.jpg,1
13573.jpg,1
11589.jpg,1
15442.jpg,0
11917.jpg,2
13766.jpg,0
15767.jpg,0
15441.jpg,0
11662.jpg,0
15227.jpg,1
10835.jpg,0
11933.jpg,1
12102.jpg,1
15010.jpg,2
11625.jpg,1
16011.jpg,0
12082.jpg,0
13515.jpg,1
15009.jpg,1
14161.jpg,0
12897.jpg,2
15269.jpg,1
15101.jpg,1
15423.jpg,0
12288.jpg,0
12723.jpg,1
14259.jpg,1
14946.jpg,1
15191.jpg,0
14728.jpg,1
14258.jpg,1
10976.jpg,2
11327.jpg,1
12404.jpg,1
15224.jpg,1
14233.jpg,0
12256.jpg,1
11092.jpg,2
11247.jpg,1
14158.jpg,0
15381.jpg,1
14707.jpg,1
15125.jpg,0
12829.jpg,0
15137.jpg,0
12483.jpg,0
11908.jpg,2
11049.jpg,2
12184.jpg,2
12815.jpg,2
12053.jpg,0
14063.jpg,0
15681.jpg,1
11608.jpg,0
14867.jpg,1
12356.jpg,2
14700.jpg,2
14210.jpg,2
13539.jpg,1
11037.jpg,1
13983.jpg,1
11256.jpg,2
13391.jpg,0
11960.jpg,2
13752.jpg,1
12740.jpg,1
12361.jpg,1
12689.jpg,0
10941.jpg,1
11853.jpg,2
10789.jpg,2
14833.jpg,0
14778.jpg,2
12539.jpg,2
13203.jpg,1
12590.jpg,0
13144.jpg,1
20431.jpg,0
12505.jpg,0
14149.jpg,2
10910.jpg,2
12028.jpg,0
15349.jpg,0
15658.jpg,1
12211.jpg,0
14301.jpg,0
15397.jpg,1
13517.jpg,1
12860.jpg,1
14765.jpg,1
12803.jpg,1
13379.jpg,0
15190.jpg,1
12262.jpg,1
12718.jpg,1
15642.jpg,2
11478.jpg,1
15874.jpg,1
15363.jpg,0
15368.jpg,0
16306.jpg,0
13957.jpg,1
12032.jpg,2
15781.jpg,1
11055.jpg,2
11678.jpg,2
11638.jpg,1
12937.jpg,1
15445.jpg,0
12314.jpg,2
13556.jpg,0
16332.jpg,1
12455.jpg,0
13535.jpg,1
13462.jpg,0
15436.jpg,0
10783.jpg,2
13453.jpg,0
11619.jpg,1
12975.jpg,0
12392.jpg,2
14839.jpg,0
11406.jpg,1
11910.jpg,2
12098.jpg,0
12697.jpg,0
12037.jpg,0
10857.jpg,1
11126.jpg,1
12799.jpg,1
11258.jpg,1
15291.jpg,1
11730.jpg,1
12614.jpg,0
16085.jpg,0
11590.jpg,2
13754.jpg,0
11786.jpg,1
11621.jpg,1
13146.jpg,1
11427.jpg,0
15065.jpg,2
14275.jpg,0
14995.jpg,0
11445.jpg,2
15845.jpg,1
15891.jpg,1
13810.jpg,1
12038.jpg,0
11287.jpg,0
14934.jpg,0
15365.jpg,0
11822.jpg,2
13030.jpg,0
15493.jpg,1
13589.jpg,1
11688.jpg,0
11465.jpg,2
11970.jpg,0
11356.jpg,1
15530.jpg,0
13898.jpg,1
14382.jpg,2
14355.jpg,2
15166.jpg,0
12444.jpg,2
10921.jpg,2
15780.jpg,1
11928.jpg,2
12026.jpg,0
13201.jpg,1
14967.jpg,1
13402.jpg,1
13002.jpg,0
12705.jpg,2
16320.jpg,0
13696.jpg,0
12770.jpg,1
12524.jpg,0
14838.jpg,0
11430.jpg,1
10851.jpg,1
12346.jpg,0
12480.jpg,0
12878.jpg,2
13011.jpg,1
12870.jpg,1
11837.jpg,1
14770.jpg,2
11520.jpg,0
12463.jpg,2
12453.jpg,0
12246.jpg,2
14701.jpg,2
12944.jpg,1
11010.jpg,2
13637.jpg,2
11385.jpg,0
13973.jpg,0
12154.jpg,1
13404.jpg,1
11182.jpg,2
14405.jpg,1
13156.jpg,0
14797.jpg,2
12678.jpg,1
11066.jpg,2
12103.jpg,1
12319.jpg,0
14212.jpg,0
13579.jpg,1
12042.jpg,0
13141.jpg,1
14243.jpg,2
12797.jpg,1
12464.jpg,2
12707.jpg,2
15849.jpg,1
12888.jpg,1
12062.jpg,0
14658.jpg,2
15636.jpg,1
15330.jpg,1
14724.jpg,1
14288.jpg,0
13806.jpg,2
15560.jpg,1
11607.jpg,0
12271.jpg,1
14345.jpg,1
13757.jpg,2
11399.jpg,1
14202.jpg,0
12490.jpg,1
12682.jpg,2
14764.jpg,2
13441.jpg,1
15490.jpg,0
14924.jpg,1
14545.jpg,1
11022.jpg,2
12530.jpg,0
12696.jpg,0
11695.jpg,0
13451.jpg,2
15451.jpg,0
15801.jpg,0
14374.jpg,1
15173.jpg,0
15655.jpg,2
15204.jpg,1
13916.jpg,0
16086.jpg,0
14116.jpg,1
14293.jpg,1
11295.jpg,1
11397.jpg,1
10871.jpg,2
13813.jpg,1
12794.jpg,1
12982.jpg,2
12905.jpg,0
15359.jpg,0
14660.jpg,2
13679.jpg,0
11656.jpg,1
12020.jpg,1
11075.jpg,1
16496.jpg,0
11402.jpg,2
14669.jpg,1
15148.jpg,1
13094.jpg,0
11869.jpg,2
15796.jpg,1
12208.jpg,0
13588.jpg,1
12822.jpg,2
15748.jpg,1
12881.jpg,2
10861.jpg,2
10868.jpg,2
11634.jpg,2
12769.jpg,1
14855.jpg,2
10863.jpg,1
12900.jpg,2
13065.jpg,1
14151.jpg,2
14379.jpg,1
15082.jpg,1
11085.jpg,0
12921.jpg,2
14630.jpg,1
10809.jpg,2
13073.jpg,0
13741.jpg,0
14693.jpg,2
12632.jpg,2
11558.jpg,1
11891.jpg,0
15668.jpg,1
12096.jpg,0
15352.jpg,1
10962.jpg,2
15282.jpg,0
11873.jpg,2
15651.jpg,2
11976.jpg,0
11561.jpg,1
14186.jpg,1
14262.jpg,0
11724.jpg,1
14862.jpg,1
12384.jpg,2
13060.jpg,1
13921.jpg,1
12435.jpg,2
12381.jpg,2
12235.jpg,0
14290.jpg,0
12358.jpg,1
14836.jpg,0
13646.jpg,2
11966.jpg,2
12971.jpg,0
13738.jpg,0
12532.jpg,0
14725.jpg,1
13403.jpg,1
13870.jpg,2
13275.jpg,1
15570.jpg,0
11633.jpg,2
13647.jpg,2
10932.jpg,2
10806.jpg,2
11516.jpg,0
13761.jpg,1
11972.jpg,0
12570.jpg,1
11329.jpg,1
13424.jpg,1
14940.jpg,0
11564.jpg,1
13734.jpg,0
14792.jpg,0
11370.jpg,1
15333.jpg,1
12251.jpg,0
10854.jpg,2
14034.jpg,0
15162.jpg,0
13224.jpg,1
11938.jpg,1
15670.jpg,1
12572.jpg,2
11189.jpg,1
15016.jpg,1
12106.jpg,1
15455.jpg,0
13437.jpg,1
13965.jpg,0
13349.jpg,0
13270.jpg,2
12494.jpg,2
12338.jpg,2
11644.jpg,1
12005.jpg,0
13883.jpg,1
12911.jpg,0
14039.jpg,0
11666.jpg,2
14367.jpg,2
15627.jpg,2
13134.jpg,2
12264.jpg,1
15744.jpg,1
13382.jpg,0
15649.jpg,2
13283.jpg,0
13168.jpg,1
13709.jpg,1
12040.jpg,1
15547.jpg,1
14903.jpg,1
12333.jpg,2
13303.jpg,2
15048.jpg,1
12279.jpg,2
12953.jpg,1
10978.jpg,2
13723.jpg,1
12706.jpg,2
11584.jpg,2
11404.jpg,1
11394.jpg,2
12499.jpg,2
14246.jpg,0
13035.jpg,1
13592.jpg,1
16060.jpg,1
13288.jpg,0
14891.jpg,0
11431.jpg,1
14755.jpg,1
14375.jpg,1
13966.jpg,0
11878.jpg,1
11353.jpg,1
15886.jpg,1
13435.jpg,1
14913.jpg,1
12492.jpg,2
16311.jpg,0
11572.jpg,0
13722.jpg,1
15824.jpg,1
13697.jpg,1
13169.jpg,1
10837.jpg,2
13037.jpg,1
11501.jpg,0
13786.jpg,1
15782.jpg,1
16083.jpg,0
14730.jpg,1
11935.jpg,1
11248.jpg,1
13279.jpg,0
14908.jpg,0
13071.jpg,1
12325.jpg,2
12594.jpg,2
14060.jpg,0
11175.jpg,2
14157.jpg,0
13117.jpg,0
11617.jpg,0
12729.jpg,1
11034.jpg,2
11904.jpg,2
11579.jpg,1
15131.jpg,0
15707.jpg,0
12293.jpg,1
14793.jpg,0
14338.jpg,2
15066.jpg,2
11008.jpg,2
12922.jpg,2
16305.jpg,0
13386.jpg,0
10847.jpg,2
12152.jpg,1
13431.jpg,1
10952.jpg,2
12060.jpg,0
11158.jpg,2
15814.jpg,1
14844.jpg,2
11647.jpg,1
12602.jpg,1
11262.jpg,0
12300.jpg,2
14965.jpg,1
12450.jpg,0
14040.jpg,0
13097.jpg,0
14812.jpg,1
10832.jpg,2
12257.jpg,1
12766.jpg,2
13990.jpg,1
12511.jpg,1
15008.jpg,1
12550.jpg,0
12714.jpg,1
11673.jpg,1
14430.jpg,2
12194.jpg,2
14448.jpg,1
13896.jpg,1
20425.jpg,0
12386.jpg,2
15393.jpg,0
13933.jpg,0
11793.jpg,2
13381.jpg,0
11347.jpg,1
11729.jpg,1
13459.jpg,0
12057.jpg,0
11889.jpg,2
15754.jpg,1
12403.jpg,2
15028.jpg,1
13249.jpg,2
14346.jpg,1
13313.jpg,0
12904.jpg,0
15818.jpg,1
12837.jpg,0
14123.jpg,2
13252.jpg,0
11425.jpg,0
12130.jpg,0
14947.jpg,2
12395.jpg,0
13793.jpg,2
15183.jpg,1
14166.jpg,0
12749.jpg,0
13725.jpg,2
11895.jpg,0
13692.jpg,0
11418.jpg,0
13545.jpg,0
12962.jpg,0
11716.jpg,1
15050.jpg,2
14783.jpg,1
12115.jpg,1
12933.jpg,1
13769.jpg,0
16045.jpg,1
11824.jpg,2
14209.jpg,2
13259.jpg,0
11035.jpg,1
15594.jpg,1
14709.jpg,1
15379.jpg,1
11276.jpg,1
12302.jpg,2
11605.jpg,2
15287.jpg,2
14005.jpg,0
15719.jpg,0
12763.jpg,2
15261.jpg,1
15007.jpg,1
14883.jpg,1
14820.jpg,1
11573.jpg,1
13777.jpg,0
13001.jpg,0
12317.jpg,0
15274.jpg,1
15892.jpg,1
11944.jpg,1
11219.jpg,2
10900.jpg,2
14593.jpg,1
11732.jpg,1
11835.jpg,2
11791.jpg,0
14584.jpg,2
14350.jpg,1
13963.jpg,0
14692.jpg,1
15380.jpg,1
14937.jpg,2
14235.jpg,0
12521.jpg,0
16224.jpg,1
14029.jpg,1
11423.jpg,0
12774.jpg,0
15617.jpg,2
11198.jpg,1
11286.jpg,0
14391.jpg,1
11601.jpg,2
15144.jpg,1
11156.jpg,1
12080.jpg,0
14340.jpg,0
14155.jpg,0
11913.jpg,2
11260.jpg,2
14878.jpg,2
15710.jpg,0
11833.jpg,1
12826.jpg,0
15592.jpg,1
15827.jpg,1
13886.jpg,1
11265.jpg,1
13122.jpg,1
14219.jpg,0
12685.jpg,2
11827.jpg,2
14789.jpg,0
11083.jpg,1
11299.jpg,1
14204.jpg,0
11194.jpg,2
12831.jpg,0
12555.jpg,0
10995.jpg,1
14666.jpg,1
11200.jpg,2
11067.jpg,2
16226.jpg,1
10946.jpg,2
11982.jpg,1
16324.jpg,1
13182.jpg,1
14120.jpg,1
11667.jpg,2
11672.jpg,1
11707.jpg,2
14956.jpg,0
15146.jpg,1
12994.jpg,0
11663.jpg,0
11602.jpg,2
12919.jpg,2
11902.jpg,2
13284.jpg,0
15357.jpg,0
11285.jpg,1
11455.jpg,1
14009.jpg,1
14843.jpg,2
11302.jpg,1
11109.jpg,2
11316.jpg,1
11838.jpg,1
12491.jpg,2
11078.jpg,1
12313.jpg,2
13092.jpg,0
14302.jpg,0
11637.jpg,1
12927.jpg,1
11216.jpg,0
15759.jpg,0
12117.jpg,0
15217.jpg,1
14265.jpg,0
15643.jpg,1
14220.jpg,0
15606.jpg,2
13300.jpg,0
13899.jpg,1
13641.jpg,1
13061.jpg,1
13428.jpg,1
14333.jpg,0
14406.jpg,2
12930.jpg,1
14955.jpg,1
15852.jpg,0
13977.jpg,0
12595.jpg,2
12674.jpg,1
11166.jpg,1
13510.jpg,1
13971.jpg,0
11565.jpg,1
14247.jpg,0
11438.jpg,1
14231.jpg,0
11587.jpg,1
12783.jpg,2
12801.jpg,1
12282.jpg,2
12891.jpg,1
15136.jpg,0
11014.jpg,2
15017.jpg,1
11170.jpg,2
11493.jpg,2
12245.jpg,2
14380.jpg,1
11115.jpg,2
11220.jpg,1
13527.jpg,1
15216.jpg,1
11624.jpg,1
10998.jpg,0
13217.jpg,0
14550.jpg,1
12092.jpg,0
14156.jpg,0
13699.jpg,2
12916.jpg,0
11167.jpg,1
12291.jpg,0
11099.jpg,1
12851.jpg,2
13596.jpg,1
15785.jpg,1
13560.jpg,0
11930.jpg,1
15003.jpg,2
11179.jpg,1
14865.jpg,1
12738.jpg,2
11331.jpg,1
16054.jpg,0
15577.jpg,1
15591.jpg,1
13075.jpg,0
13538.jpg,1
10867.jpg,2
11557.jpg,1
15277.jpg,2
12520.jpg,2
11711.jpg,2
12125.jpg,1
12688.jpg,0
15765.jpg,1
13067.jpg,1
13038.jpg,1
14781.jpg,2
14520.jpg,0
14227.jpg,0
13215.jpg,1
20423.jpg,0
11518.jpg,0
14857.jpg,1
12019.jpg,1
12895.jpg,1
15036.jpg,2
15734.jpg,0
15851.jpg,2
16095.jpg,0
14099.jpg,0
14365.jpg,1
14369.jpg,1
14921.jpg,1
14124.jpg,2
14776.jpg,1
11588.jpg,1
10887.jpg,2
15341.jpg,1
12541.jpg,2
14287.jpg,0
12009.jpg,0
10915.jpg,2
14075.jpg,0
11841.jpg,2
12894.jpg,1
13978.jpg,0
14886.jpg,1
11149.jpg,2
15390.jpg,0
14263.jpg,0
12752.jpg,1
13989.jpg,1
15893.jpg,1
11434.jpg,1
12907.jpg,0
11467.jpg,2
15211.jpg,0
10953.jpg,2
12519.jpg,0
12160.jpg,2
12654.jpg,2
14303.jpg,0
12760.jpg,1
11027.jpg,2
15665.jpg,1
15064.jpg,2
14957.jpg,1
12481.jpg,0
13412.jpg,1
14315.jpg,1
15564.jpg,0
15043.jpg,1
12965.jpg,0
12677.jpg,1
12452.jpg,0
14042.jpg,0
13305.jpg,2
11894.jpg,0
14523.jpg,1
14363.jpg,1
14834.jpg,0
15286.jpg,2
12642.jpg,0
15608.jpg,2
14091.jpg,0
14236.jpg,0
11813.jpg,0
12372.jpg,1
13567.jpg,0
15129.jpg,0
13090.jpg,0
12789.jpg,1
14875.jpg,2
16033.jpg,0
14069.jpg,0
15084.jpg,1
15613.jpg,1
15024.jpg,1
13102.jpg,0
15206.jpg,1
10792.jpg,2
10906.jpg,1
13627.jpg,0
11731.jpg,1
15283.jpg,1
11243.jpg,1
15471.jpg,1
13278.jpg,1
12633.jpg,2
12920.jpg,2
15140.jpg,0
12675.jpg,0
13714.jpg,1
15575.jpg,1
11176.jpg,0
15546.jpg,1
12889.jpg,1
11519.jpg,0
12312.jpg,2
12724.jpg,2
15826.jpg,1
13294.jpg,1
14104.jpg,0
14897.jpg,1
12112.jpg,0
12578.jpg,1
13351.jpg,2
15686.jpg,1
15432.jpg,0
11059.jpg,2
13536.jpg,2
11393.jpg,2
11705.jpg,2
13269.jpg,2
10843.jpg,2
20420.jpg,0
12345.jpg,0
11779.jpg,2
12142.jpg,1
15262.jpg,1
12747.jpg,0
13496.jpg,1
11892.jpg,0
14804.jpg,1
12630.jpg,2
12833.jpg,0
11407.jpg,2
15809.jpg,0
15085.jpg,1
12508.jpg,1
12929.jpg,1
12166.jpg,1
13767.jpg,0
12041.jpg,1
13101.jpg,0
11494.jpg,2
13720.jpg,1
15391.jpg,0
13352.jpg,2
14754.jpg,2
15343.jpg,0
11432.jpg,1
11592.jpg,2
12762.jpg,2
11383.jpg,0
12335.jpg,2
13416.jpg,1
12072.jpg,2
12079.jpg,0
12605.jpg,1
11499.jpg,0
11105.jpg,1
12332.jpg,1
12935.jpg,1
13207.jpg,1
11821.jpg,0
14327.jpg,1
14927.jpg,1
10944.jpg,2
16331.jpg,1
15154.jpg,0
15000.jpg,2
15373.jpg,1
10993.jpg,2
13095.jpg,0
11911.jpg,2
15278.jpg,2
11214.jpg,1
12834.jpg,0
10945.jpg,2
15259.jpg,1
15339.jpg,1
12731.jpg,2
11591.jpg,2
12959.jpg,2
20426.jpg,0
11309.jpg,1
11646.jpg,1
12043.jpg,1
11675.jpg,2
12777.jpg,0
11093.jpg,2
14021.jpg,1
12691.jpg,0
11715.jpg,1
12759.jpg,1
12110.jpg,0
12901.jpg,2
11440.jpg,2
12698.jpg,0
16043.jpg,0
15753.jpg,1
15159.jpg,0
11795.jpg,2
14848.jpg,0
14909.jpg,0
11274.jpg,2
12497.jpg,2
11864.jpg,2
14239.jpg,2
13246.jpg,2
11147.jpg,2
10934.jpg,2
12474.jpg,1
14192.jpg,0
12668.jpg,1
10897.jpg,2
12287.jpg,0
10988.jpg,2
13565.jpg,0
13434.jpg,1
11830.jpg,2
15868.jpg,1
13263.jpg,0
12573.jpg,2
11888.jpg,2
10935.jpg,2
20433.jpg,0
12679.jpg,2
13553.jpg,0
14281.jpg,0
10984.jpg,2
10987.jpg,2
13763.jpg,1
11294.jpg,2
13509.jpg,1
13974.jpg,0
11898.jpg,0
15623.jpg,2
12609.jpg,0
11866.jpg,1
16503.jpg,0
10918.jpg,2
12712.jpg,1
14785.jpg,2
14788.jpg,0
15810.jpg,0
13099.jpg,1
14516.jpg,0
15535.jpg,0
12637.jpg,0
12611.jpg,0
14223.jpg,0
13310.jpg,0
14074.jpg,0
12337.jpg,2
11239.jpg,1
13079.jpg,2
11604.jpg,2
12342.jpg,0
12496.jpg,2
11450.jpg,1
11623.jpg,1
13680.jpg,0
11954.jpg,2
15502.jpg,1
14352.jpg,1
12344.jpg,0
13112.jpg,0
14890.jpg,0
14699.jpg,2
11950.jpg,1
14329.jpg,2
11832.jpg,1
13551.jpg,0
15105.jpg,1
15705.jpg,0
12588.jpg,0
10840.jpg,2
15374.jpg,1
12258.jpg,1
12690.jpg,0
11088.jpg,0
15358.jpg,0
13661.jpg,1
12523.jpg,0
15273.jpg,1
13206.jpg,1
16077.jpg,0
12643.jpg,0
16007.jpg,0
15104.jpg,1
13493.jpg,1
11920.jpg,2
12487.jpg,1
12502.jpg,0
12397.jpg,0
11968.jpg,2
13736.jpg,0
15047.jpg,0
16225.jpg,1
15999.jpg,0
13055.jpg,0
11270.jpg,1
15772.jpg,1
11017.jpg,2
11693.jpg,0
15766.jpg,0
12029.jpg,0
11536.jpg,2
11994.jpg,0
12473.jpg,1
13875.jpg,1
12669.jpg,1
11474.jpg,1
12812.jpg,1
14022.jpg,1
14026.jpg,2
10852.jpg,1
11545.jpg,2
16304.jpg,1
14381.jpg,2
15167.jpg,0
10926.jpg,0
11107.jpg,0
15822.jpg,1
13012.jpg,1
15545.jpg,1
12232.jpg,0
11863.jpg,2
13871.jpg,1
15618.jpg,2
12273.jpg,1
11554.jpg,0
12213.jpg,0
11855.jpg,0
